name,common_name,name_type,full_common_name
Apache,fentanyl,street_name,fentanyl
Birria,fentanyl,street_name,fentanyl
Blonde,fentanyl,street_name,fentanyl
Blue Diamond,fentanyl,street_name,fentanyl
Blue Dolphin,fentanyl,street_name,fentanyl
Blues,fentanyl,street_name,fentanyl
Butter,fentanyl,street_name,fentanyl
China Girl,fentanyl,street_name,fentanyl
China Town,fentanyl,street_name,fentanyl
China White,fentanyl,street_name,fentanyl
Chinese,fentanyl,street_name,fentanyl
Chinese Buffet,fentanyl,street_name,fentanyl
Chinese Food Crazy,fentanyl,street_name,fentanyl
Crazy One,fentanyl,street_name,fentanyl
Dance Fever,fentanyl,street_name,fentanyl
Dragon,fentanyl,street_name,fentanyl
Dragon’s Breath,fentanyl,street_name,fentanyl
F,fentanyl,street_name,fentanyl
Food,fentanyl,street_name,fentanyl
Freddy,fentanyl,street_name,fentanyl
Fuf,fentanyl,street_name,fentanyl
Facebook,fentanyl,street_name,fentanyl
Fent,fentanyl,street_name,fentanyl
Fenty,fentanyl,street_name,fentanyl
Fire,fentanyl,street_name,fentanyl
Friend,fentanyl,street_name,fentanyl
Girl,fentanyl,street_name,fentanyl
Goodfella,fentanyl,street_name,fentanyl
Great Bear,fentanyl,street_name,fentanyl
Gray Stuff,fentanyl,street_name,fentanyl
He-Man,fentanyl,street_name,fentanyl
Heineken,fentanyl,street_name,fentanyl
Huerfanito,fentanyl,street_name,fentanyl
Humid,fentanyl,street_name,fentanyl
Jackpot,fentanyl,street_name,fentanyl
King Ivory,fentanyl,street_name,fentanyl
Lollipop,fentanyl,street_name,fentanyl
Murder 8,fentanyl,street_name,fentanyl
Nal,fentanyl,street_name,fentanyl
Nil,fentanyl,street_name,fentanyl
Nyl,fentanyl,street_name,fentanyl
Opes,fentanyl,street_name,fentanyl
Pharmacy,fentanyl,street_name,fentanyl
Poison,fentanyl,street_name,fentanyl
Shoes,fentanyl,street_name,fentanyl
Snowflake,fentanyl,street_name,fentanyl
Tango and Cash,fentanyl,street_name,fentanyl
TNT,fentanyl,street_name,fentanyl
Toe Tag Dope,fentanyl,street_name,fentanyl
White Girl,fentanyl,street_name,fentanyl
White Ladies,fentanyl,street_name,fentanyl
Herion,heroin,street_name,heroin
Abajo,heroin,street_name,heroin
A-Bomb,heroin,street_name,heroin
Achivia,heroin,street_name,heroin
Adormidera,heroin,street_name,heroin
Amarilla,heroin,street_name,heroin
Anestesia de Caballo,heroin,street_name,heroin
Antifreeze,heroin,street_name,heroin
Apodo,heroin,street_name,heroin
Arpon,heroin,street_name,heroin
Aunt Hazel,heroin,street_name,heroin
Avocado,heroin,street_name,heroin
Azucar,heroin,street_name,heroin
Bad Seed,heroin,street_name,heroin
Baja Corte,heroin,street_name,heroin
Ballot,heroin,street_name,heroin
Basketball,heroin,street_name,heroin
Basura,heroin,street_name,heroin
Beast,heroin,street_name,heroin
Beyonce,heroin,street_name,heroin
Big Bag,heroin,street_name,heroin
Big H,heroin,street_name,heroin
Big Harry,heroin,street_name,heroin
Bird,heroin,street_name,heroin
Birdie Powder,heroin,street_name,heroin
Birria,heroin,street_name,heroin
Birria Blanca,heroin,street_name,heroin
Black,heroin,street_name,heroin
Black Bitch,heroin,street_name,heroin
Black Goat,heroin,street_name,heroin
Black Olives,heroin,street_name,heroin
Black Paint,heroin,street_name,heroin
Black Pearl,heroin,street_name,heroin
Black Sheep,heroin,street_name,heroin
Black Shirt,heroin,street_name,heroin
Black Tar,heroin,street_name,heroin
Blanco,heroin,street_name,heroin
Blue,heroin,street_name,heroin
Blow Dope,heroin,street_name,heroin
Blue Hero,heroin,street_name,heroin
Bombita,heroin,street_name,heroin
Bombs Away,heroin,street_name,heroin
Bonita,heroin,street_name,heroin
Boy,heroin,street_name,heroin
Bozo,heroin,street_name,heroin
Brea Negra,heroin,street_name,heroin
Brick Gum,heroin,street_name,heroin
Brown,heroin,street_name,heroin
Brown Crystal,heroin,street_name,heroin
Brown Rhine,heroin,street_name,heroin
Brown Sugar,heroin,street_name,heroin
Bubble Gum,heroin,street_name,heroin
Burrito,heroin,street_name,heroin
Butter,heroin,street_name,heroin
Caballo,heroin,street_name,heroin
Caballo Negro,heroin,street_name,heroin
Caca,heroin,street_name,heroin
Café,heroin,street_name,heroin
Cajeta,heroin,street_name,heroin
Capital H,heroin,street_name,heroin
Cardio,heroin,street_name,heroin
Carga,heroin,street_name,heroin
Caro,heroin,street_name,heroin
Cement,heroin,street_name,heroin
Certificada,heroin,street_name,heroin
Chapopote,heroin,street_name,heroin
Charlie,heroin,street_name,heroin
Charlie Horse,heroin,street_name,heroin
Chavo,heroin,street_name,heroin
Cheese,heroin,street_name,heroin
Chicle,heroin,street_name,heroin
Chiclosa,heroin,street_name,heroin
China,heroin,street_name,heroin
China Blanca,heroin,street_name,heroin
China Cat,heroin,street_name,heroin
China White,heroin,street_name,heroin
Chinese Buffet,heroin,street_name,heroin
Chinese Food,heroin,street_name,heroin
Chinese Red,heroin,street_name,heroin
Chip,heroin,street_name,heroin
Chiva,heroin,street_name,heroin
Chiva Blanca,heroin,street_name,heroin
Chiva Loca,heroin,street_name,heroin
Chiva Negra,heroin,street_name,heroin
Chivones,heroin,street_name,heroin
Chocolate,heroin,street_name,heroin
Chocolate Balls,heroin,street_name,heroin
Chocolate Shake,heroin,street_name,heroin
Choko,heroin,street_name,heroin
Chorizo,heroin,street_name,heroin
Churro Negro,heroin,street_name,heroin
Chutazo,heroin,street_name,heroin
Coco,heroin,street_name,heroin
Coffee,heroin,street_name,heroin
Cohete,heroin,street_name,heroin
Comida,heroin,street_name,heroin
Crown Crap,heroin,street_name,heroin
Curley Hair,heroin,street_name,heroin
Dark,heroin,street_name,heroin
Dark Girl,heroin,street_name,heroin
Dark Kind,heroin,street_name,heroin
Dead on Arrival,heroin,street_name,heroin
Diesel,heroin,street_name,heroin
Dirt,heroin,street_name,heroin
Dog Food,heroin,street_name,heroin
Doggie,heroin,street_name,heroin
Doojee,heroin,street_name,heroin
Dope,heroin,street_name,heroin
Dorado,heroin,street_name,heroin
Down,heroin,street_name,heroin
Downtown,heroin,street_name,heroin
Dragon,heroin,street_name,heroin
Dreck,heroin,street_name,heroin
Dynamite,heroin,street_name,heroin
Dyno,heroin,street_name,heroin
El Diablo,heroin,street_name,heroin
Engines,heroin,street_name,heroin
Enrique Grande,heroin,street_name,heroin
Esquina,heroin,street_name,heroin
Esquinilla,heroin,street_name,heroin
Fairy Dust,heroin,street_name,heroin
Flea Powder,heroin,street_name,heroin
Food,heroin,street_name,heroin
Foolish Powder,heroin,street_name,heroin
Galloping Horse,heroin,street_name,heroin
Gamot,heroin,street_name,heroin
Gato,heroin,street_name,heroin
George Smack,heroin,street_name,heroin
Girl,heroin,street_name,heroin
Globo,heroin,street_name,heroin
Goat,heroin,street_name,heroin
Golden Girl,heroin,street_name,heroin
Good and Plenty,heroin,street_name,heroin
Good H,heroin,street_name,heroin
Goofball,heroin,street_name,heroin
Goma,heroin,street_name,heroin
Gorda,heroin,street_name,heroin
Gras,heroin,street_name,heroin
Grasin,heroin,street_name,heroin
Gravy,heroin,street_name,heroin
Gum,heroin,street_name,heroin
H,heroin,street_name,heroin
H-Caps,heroin,street_name,heroin
Hairy,heroin,street_name,heroin
Hard Candy,heroin,street_name,heroin
Hard One,heroin,street_name,heroin
Harry,heroin,street_name,heroin
Hats,heroin,street_name,heroin
Hazel,heroin,street_name,heroin
Heaven Dust,heroin,street_name,heroin
Heavy,heroin,street_name,heroin
Helen,heroin,street_name,heroin
Helicopter,heroin,street_name,heroin
Hell Dust,heroin,street_name,heroin
Henry,heroin,street_name,heroin
Hercules,heroin,street_name,heroin
Hero,heroin,street_name,heroin
Him,heroin,street_name,heroin
Hombre,heroin,street_name,heroin
Horse,heroin,street_name,heroin
Hot Dope,heroin,street_name,heroin
Huera,heroin,street_name,heroin
Hummers,heroin,street_name,heroin
Jojee,heroin,street_name,heroin
Joy Flakes,heroin,street_name,heroin
Joy Powder,heroin,street_name,heroin
Junk,heroin,street_name,heroin
Kabayo,heroin,street_name,heroin
Karachi,heroin,street_name,heroin
Karate,heroin,street_name,heroin
King’s Tickets,heroin,street_name,heroin
La Tierra,heroin,street_name,heroin
Lemonade,heroin,street_name,heroin
Lenta,heroin,street_name,heroin
Lifesaver,heroin,street_name,heroin
Manteca,heroin,street_name,heroin
Marias,heroin,street_name,heroin
Marrion,heroin,street_name,heroin
Mayo,heroin,street_name,heroin
Mazpan,heroin,street_name,heroin
Meal,heroin,street_name,heroin
Menthol,heroin,street_name,heroin
Mexican Brown,heroin,street_name,heroin
Mexican Food,heroin,street_name,heroin
Mexican Horse,heroin,street_name,heroin
Mexican Mud,heroin,street_name,heroin
Mexican Treat,heroin,street_name,heroin
Modelo Negra,heroin,street_name,heroin
Mojo,heroin,street_name,heroin
Mole,heroin,street_name,heroin
Mongega,heroin,street_name,heroin
Morena,heroin,street_name,heroin
Morenita,heroin,street_name,heroin
Mortal Combat,heroin,street_name,heroin
Motors,heroin,street_name,heroin
Mud,heroin,street_name,heroin
Mujer,heroin,street_name,heroin
Murcielago,heroin,street_name,heroin
Muzzle,heroin,street_name,heroin
Nanoo,heroin,street_name,heroin
Negra,heroin,street_name,heroin
Negra Tomasa,heroin,street_name,heroin
Negrita,heroin,street_name,heroin
Nice and Easy,heroin,street_name,heroin
Night,heroin,street_name,heroin
Noise,heroin,street_name,heroin
Obama,heroin,street_name,heroin
Old Steve,heroin,street_name,heroin
Pants,heroin,street_name,heroin
Patty,heroin,street_name,heroin
Peg,heroin,street_name,heroin
P-Funk,heroin,street_name,heroin
Piezas,heroin,street_name,heroin
Plata,heroin,street_name,heroin
Poison,heroin,street_name,heroin
Polvo,heroin,street_name,heroin
Polvo de Alegria,heroin,street_name,heroin
Polvo de Estrellas,heroin,street_name,heroin
Polvo Feliz,heroin,street_name,heroin
Poppy,heroin,street_name,heroin
Powder,heroin,street_name,heroin
Prostituta Negra,heroin,street_name,heroin
Puppy,heroin,street_name,heroin
Pure,heroin,street_name,heroin
Rambo,heroin,street_name,heroin
Raw,heroin,street_name,heroin
Red Chicken,heroin,street_name,heroin
Red Eagle,heroin,street_name,heroin
Reindeer Dust,heroin,street_name,heroin
Roofing Tar,heroin,street_name,heroin
Ruby,heroin,street_name,heroin
Sack,heroin,street_name,heroin
Salt,heroin,street_name,heroin
Sand,heroin,street_name,heroin
Scag,heroin,street_name,heroin
Scat,heroin,street_name,heroin
Schmeck,heroin,street_name,heroin
Scramble,heroin,street_name,heroin
Sheep,heroin,street_name,heroin
Shirts,heroin,street_name,heroin
Shoes,heroin,street_name,heroin
Skag,heroin,street_name,heroin
Skunk,heroin,street_name,heroin
Slime,heroin,street_name,heroin
Smack,heroin,street_name,heroin
Smeck,heroin,street_name,heroin
Snickers,heroin,street_name,heroin
Soda,heroin,street_name,heroin
Speedball,heroin,street_name,heroin
Spider Blue,heroin,street_name,heroin
Sticky Kind,heroin,street_name,heroin
Stufa,heroin,street_name,heroin
Sugar,heroin,street_name,heroin
Sweet Jesus,heroin,street_name,heroin
Tan,heroin,street_name,heroin
Tar,heroin,street_name,heroin
Tecata,heroin,street_name,heroin
Thunder,heroin,street_name,heroin
Tires,heroin,street_name,heroin
Tomasa,heroin,street_name,heroin
Tootsie Roll,heroin,street_name,heroin
Tragic Magic,heroin,street_name,heroin
Trees,heroin,street_name,heroin
Turtle,heroin,street_name,heroin
Vidrio,heroin,street_name,heroin
Weights,heroin,street_name,heroin
Whiskey,heroin,street_name,heroin
White,heroin,street_name,heroin
White Boy,heroin,street_name,heroin
White Girl,heroin,street_name,heroin
White Junk,heroin,street_name,heroin
White Lady,heroin,street_name,heroin
White Nurse,heroin,street_name,heroin
White Shirt,heroin,street_name,heroin
White Stuff,heroin,street_name,heroin
Wings,heroin,street_name,heroin
Witch,heroin,street_name,heroin
Witch Hazel,heroin,street_name,heroin
Zapapote,heroin,street_name,heroin
512s,percocet,street_name,percocet
Bananas,percocet,street_name,percocet
Blue,percocet,street_name,percocet
Blue Dynamite,percocet,street_name,percocet
Blueberries,percocet,street_name,percocet
Buttons,percocet,street_name,percocet
Ercs,percocet,street_name,percocet
Greenies,percocet,street_name,percocet
Hillbilly Heroin,percocet,street_name,percocet
Kickers,percocet,street_name,percocet
M-30s,percocet,street_name,percocet
Paulas,percocet,street_name,percocet
Percs,percocet,street_name,percocet
Rims,percocet,street_name,percocet
Tires,percocet,street_name,percocet
Wheels,percocet,street_name,percocet
Perks,percocet,street_name,percocet
Bars,xanax,street_name,xanax
Benzos,xanax,street_name,xanax
Bicycle Handle Bars,xanax,street_name,xanax
Bicycle Parts,xanax,street_name,xanax
Bricks,xanax,street_name,xanax
Footballs,xanax,street_name,xanax
Handlebars,xanax,street_name,xanax
Hulk,xanax,street_name,xanax
L7,xanax,street_name,xanax
Ladders,xanax,street_name,xanax
Palitroque,xanax,street_name,xanax
Planks,xanax,street_name,xanax
School Bus,xanax,street_name,xanax
Sticks,xanax,street_name,xanax
Upjohns,xanax,street_name,xanax
White Boys,xanax,street_name,xanax
White Girls,xanax,street_name,xanax
Xanies,xanax,street_name,xanax
Yellow Boys,xanax,street_name,xanax
Zanbars,xanax,street_name,xanax
Zannies,xanax,street_name,xanax
Z-Bars,xanax,street_name,xanax
Acelerador,amphetamine,street_name,amphetamine
Amy,amphetamine,street_name,amphetamine
Amps,amphetamine,street_name,amphetamine
Bam,amphetamine,street_name,amphetamine
B-Bombs,amphetamine,street_name,amphetamine
Beans,amphetamine,street_name,amphetamine
Bennies,amphetamine,street_name,amphetamine
Benz,amphetamine,street_name,amphetamine
Black and Whites,amphetamine,street_name,amphetamine
Black Beauties,amphetamine,street_name,amphetamine
Black Birds,amphetamine,street_name,amphetamine
Black Bombers,amphetamine,street_name,amphetamine
Black Mollies,amphetamine,street_name,amphetamine
Blacks,amphetamine,street_name,amphetamine
Blue Boys,amphetamine,street_name,amphetamine
Bombita,amphetamine,street_name,amphetamine
Brain Ticklers,amphetamine,street_name,amphetamine
Brownies,amphetamine,street_name,amphetamine
Bumblebees,amphetamine,street_name,amphetamine
Cartwheels,amphetamine,street_name,amphetamine
Chalk,amphetamine,street_name,amphetamine
Chicken Powder,amphetamine,street_name,amphetamine
Chochos,amphetamine,street_name,amphetamine
Chocolates,amphetamine,street_name,amphetamine
Christina,amphetamine,street_name,amphetamine
Chunk,amphetamine,street_name,amphetamine
Co-Pilot,amphetamine,street_name,amphetamine
Coast-to-Coasts,amphetamine,street_name,amphetamine
Crisscross,amphetamine,street_name,amphetamine
Cross Roads,amphetamine,street_name,amphetamine
Cross Tops,amphetamine,street_name,amphetamine
Crosses,amphetamine,street_name,amphetamine
Debs,amphetamine,street_name,amphetamine
Dexies,amphetamine,street_name,amphetamine
Diablos,amphetamine,street_name,amphetamine
Diamonds,amphetamine,street_name,amphetamine
Diet Pills,amphetamine,street_name,amphetamine
Dolls,amphetamine,street_name,amphetamine
Dominoes,amphetamine,street_name,amphetamine
Double Cross,amphetamine,street_name,amphetamine
Drivers,amphetamine,street_name,amphetamine
Dulces,amphetamine,street_name,amphetamine
Fives,amphetamine,street_name,amphetamine
Flour,amphetamine,street_name,amphetamine
Footballs,amphetamine,street_name,amphetamine
French Blues,amphetamine,street_name,amphetamine
Geeked Up,amphetamine,street_name,amphetamine
Goofballs,amphetamine,street_name,amphetamine
Greenies,amphetamine,street_name,amphetamine
Head Drugs,amphetamine,street_name,amphetamine
Hearts,amphetamine,street_name,amphetamine
Horse Heads,amphetamine,street_name,amphetamine
In-Betweens,amphetamine,street_name,amphetamine
Jelly Babies,amphetamine,street_name,amphetamine
Jelly Beans,amphetamine,street_name,amphetamine
Jolly Beans,amphetamine,street_name,amphetamine
Jugs,amphetamine,street_name,amphetamine
LA Turnaround,amphetamine,street_name,amphetamine
Leapers,amphetamine,street_name,amphetamine
Lid Poppers,amphetamine,street_name,amphetamine
Lightening,amphetamine,street_name,amphetamine
Little Bombs,amphetamine,street_name,amphetamine
Marathons,amphetamine,street_name,amphetamine
Mini Beans,amphetamine,street_name,amphetamine
Mini Bennies,amphetamine,street_name,amphetamine
Morning Shot,amphetamine,street_name,amphetamine
Nuggets,amphetamine,street_name,amphetamine
Oranges,amphetamine,street_name,amphetamine
Pastas,amphetamine,street_name,amphetamine
Pastillas,amphetamine,street_name,amphetamine
Peaches,amphetamine,street_name,amphetamine
Pep Pills,amphetamine,street_name,amphetamine
Pepper,amphetamine,street_name,amphetamine
Pingas,amphetamine,street_name,amphetamine
Pink Hearts,amphetamine,street_name,amphetamine
Pixies,amphetamine,street_name,amphetamine
Pollutants,amphetamine,street_name,amphetamine
Purple Hearts,amphetamine,street_name,amphetamine
Rhythm,amphetamine,street_name,amphetamine
Rippers,amphetamine,street_name,amphetamine
Road Dope,amphetamine,street_name,amphetamine
Roses,amphetamine,street_name,amphetamine
Rueda,amphetamine,street_name,amphetamine
Snaps,amphetamine,street_name,amphetamine
Snow Pallets,amphetamine,street_name,amphetamine
Sparkle Plenty,amphetamine,street_name,amphetamine
Sparklers,amphetamine,street_name,amphetamine
Speed,amphetamine,street_name,amphetamine
Splash,amphetamine,street_name,amphetamine
Sweeties,amphetamine,street_name,amphetamine
Sweets,amphetamine,street_name,amphetamine
Tens,amphetamine,street_name,amphetamine
Thrusters,amphetamine,street_name,amphetamine
TR-6s,amphetamine,street_name,amphetamine
Truck Drivers,amphetamine,street_name,amphetamine
Turnabouts,amphetamine,street_name,amphetamine
Uppers,amphetamine,street_name,amphetamine
Wake Ups,amphetamine,street_name,amphetamine
West Coast Turnarounds,amphetamine,street_name,amphetamine
Wheels,amphetamine,street_name,amphetamine
Whiffle Dust,amphetamine,street_name,amphetamine
White Crosses,amphetamine,street_name,amphetamine
Whites,amphetamine,street_name,amphetamine
Zoomers,amphetamine,street_name,amphetamine
Juice,amphetamine,street_name,amphetamine
A-Train,adderall,street_name,adderall
Abby,adderall,street_name,adderall
Addy,adderall,street_name,adderall
Amps,adderall,street_name,adderall
Christmas Trees,adderall,street_name,adderall
Co-Pilots,adderall,street_name,adderall
Lid Poppers,adderall,street_name,adderall
Smart Pills,adderall,street_name,adderall
Smarties,adderall,street_name,adderall
Study Buddies,adderall,street_name,adderall
Study Skittles,adderall,street_name,adderall
Truck Drivers,adderall,street_name,adderall
Zing,adderall,street_name,adderall
Boxes,suboxone,street_name,suboxone
Bupes,suboxone,street_name,suboxone
Oranges,suboxone,street_name,suboxone
Sobos,suboxone,street_name,suboxone
Stop Signs,suboxone,street_name,suboxone
Stops,suboxone,street_name,suboxone
Subs,suboxone,street_name,suboxone
Benzos,clonazepam,street_name,clonazepam
K,clonazepam,street_name,clonazepam
K-Pin,clonazepam,street_name,clonazepam
Pin,clonazepam,street_name,clonazepam
Super Valium,clonazepam,street_name,clonazepam
Tranks,clonazepam,street_name,clonazepam
klonopin,clonazepam,street_name,clonazepam
Regular Kind,cocaine,street_name,cocaine
Regular Work,cocaine,street_name,cocaine
Reindeer Dust,cocaine,street_name,cocaine
Richie,cocaine,street_name,cocaine
Rims,cocaine,street_name,cocaine
Rocky Mountain,cocaine,street_name,cocaine
Rolex,cocaine,street_name,cocaine
Rolex HH,cocaine,street_name,cocaine
Rooster,cocaine,street_name,cocaine
Scale,cocaine,street_name,cocaine
Schmeck,cocaine,street_name,cocaine
Schoolboy,cocaine,street_name,cocaine
Scorpion,cocaine,street_name,cocaine
Scottie,cocaine,street_name,cocaine
Seed,cocaine,street_name,cocaine
Serpico,cocaine,street_name,cocaine
Sierra,cocaine,street_name,cocaine
Shirt,cocaine,street_name,cocaine
Ski Equipment,cocaine,street_name,cocaine
Sleigh Ride,cocaine,street_name,cocaine
Sneeze,cocaine,street_name,cocaine
Sniff,cocaine,street_name,cocaine
Snow,cocaine,street_name,cocaine
Snow Bird,cocaine,street_name,cocaine
Snow Cone,cocaine,street_name,cocaine
Snow White,cocaine,street_name,cocaine
Snowball,cocaine,street_name,cocaine
Snowflake,cocaine,street_name,cocaine
Society High,cocaine,street_name,cocaine
Soda,cocaine,street_name,cocaine
Soditas,cocaine,street_name,cocaine
Soft,cocaine,street_name,cocaine
Space,cocaine,street_name,cocaine
Special,cocaine,street_name,cocaine
Speedball,cocaine,street_name,cocaine
Stardust,cocaine,street_name,cocaine
Star Spangled Powder,cocaine,street_name,cocaine
Studio Fuel,cocaine,street_name,cocaine
Suave,cocaine,street_name,cocaine
Sugar,cocaine,street_name,cocaine
Superman,cocaine,street_name,cocaine
Sweet Stuff,cocaine,street_name,cocaine
Tabique,cocaine,street_name,cocaine
Tablas,cocaine,street_name,cocaine
Talco,cocaine,street_name,cocaine
Talquito,cocaine,street_name,cocaine
Tamales,cocaine,street_name,cocaine
Taxi,cocaine,street_name,cocaine
Tecate,cocaine,street_name,cocaine
Teenager,cocaine,street_name,cocaine
Teeth,cocaine,street_name,cocaine
Tequila,cocaine,street_name,cocaine
Thunder,cocaine,street_name,cocaine
Tire,cocaine,street_name,cocaine
Tonto,cocaine,street_name,cocaine
Toot,cocaine,street_name,cocaine
Tortes,cocaine,street_name,cocaine
Tortuga,cocaine,street_name,cocaine
Toyota,cocaine,street_name,cocaine
T-Shirts,cocaine,street_name,cocaine
Tubo,cocaine,street_name,cocaine
Tucibi,cocaine,street_name,cocaine
Turkey,cocaine,street_name,cocaine
Tutti-Frutti,cocaine,street_name,cocaine
Vaquita,cocaine,street_name,cocaine
Wash,cocaine,street_name,cocaine
Wet,cocaine,street_name,cocaine
Whack,cocaine,street_name,cocaine
White,cocaine,street_name,cocaine
White Bitch,cocaine,street_name,cocaine
White Cross,cocaine,street_name,cocaine
White Dove,cocaine,street_name,cocaine
White Girl,cocaine,street_name,cocaine
White Goat,cocaine,street_name,cocaine
White Horse,cocaine,street_name,cocaine
White Lady,cocaine,street_name,cocaine
White Mercedes Benz,cocaine,street_name,cocaine
White Mosquito,cocaine,street_name,cocaine
White Paint,cocaine,street_name,cocaine
White Powder,cocaine,street_name,cocaine
White Rock,cocaine,street_name,cocaine
White Root,cocaine,street_name,cocaine
White Shirt,cocaine,street_name,cocaine
White T,cocaine,street_name,cocaine
White Wall Tires,cocaine,street_name,cocaine
Whitey,cocaine,street_name,cocaine
Whiz Bang,cocaine,street_name,cocaine
Wings,cocaine,street_name,cocaine
Wooly,cocaine,street_name,cocaine
Work,cocaine,street_name,cocaine
Yayo,cocaine,street_name,cocaine
Yeyo,cocaine,street_name,cocaine
Yoda,cocaine,street_name,cocaine
Zapato,cocaine,street_name,cocaine
Zip,cocaine,street_name,cocaine
Hunter,cocaine,street_name,cocaine
Ice Cream,cocaine,street_name,cocaine
Icing,cocaine,street_name,cocaine
Inca Message,cocaine,street_name,cocaine
Izzy,cocaine,street_name,cocaine
Jam,cocaine,street_name,cocaine
Jaime Blanco,cocaine,street_name,cocaine
Jaula,cocaine,street_name,cocaine
Jeep,cocaine,street_name,cocaine
Jelly,cocaine,street_name,cocaine
John Deere,cocaine,street_name,cocaine
Joy Flakes,cocaine,street_name,cocaine
Joy Powder,cocaine,street_name,cocaine
Juguetes,cocaine,street_name,cocaine
Jump Rope,cocaine,street_name,cocaine
Junk,cocaine,street_name,cocaine
K13,cocaine,street_name,cocaine
King’s Habit,cocaine,street_name,cocaine
Kordell,cocaine,street_name,cocaine
La Familia,cocaine,street_name,cocaine
Lady,cocaine,street_name,cocaine
Lady Snow,cocaine,street_name,cocaine
Late Night,cocaine,street_name,cocaine
Lavada,cocaine,street_name,cocaine
Leaf,cocaine,street_name,cocaine
Libreta,cocaine,street_name,cocaine
Line,cocaine,street_name,cocaine
Loaf,cocaine,street_name,cocaine
Love Affair,cocaine,street_name,cocaine
LV,cocaine,street_name,cocaine
Maca Flour,cocaine,street_name,cocaine
Madera,cocaine,street_name,cocaine
Mama Coca,cocaine,street_name,cocaine
Mandango,cocaine,street_name,cocaine
Manita,cocaine,street_name,cocaine
Maradona,cocaine,street_name,cocaine
Marbol,cocaine,street_name,cocaine
Material,cocaine,street_name,cocaine
Mayback,cocaine,street_name,cocaine
Mayo,cocaine,street_name,cocaine
Melcocha,cocaine,street_name,cocaine
Media Lata,cocaine,street_name,cocaine
Mercedes,cocaine,street_name,cocaine
Milk,cocaine,street_name,cocaine
Milonga,cocaine,street_name,cocaine
Mojo,cocaine,street_name,cocaine
Mona Lisa,cocaine,street_name,cocaine
Monte,cocaine,street_name,cocaine
Morro,cocaine,street_name,cocaine
Mosquitos,cocaine,street_name,cocaine
Movie Star Drug,cocaine,street_name,cocaine
Muchacha,cocaine,street_name,cocaine
Muebles,cocaine,street_name,cocaine
Mujer,cocaine,street_name,cocaine
Napkin,cocaine,street_name,cocaine
Nieve,cocaine,street_name,cocaine
Nina,cocaine,street_name,cocaine
Normal,cocaine,street_name,cocaine
Nose Candy,cocaine,street_name,cocaine
Nose Powder,cocaine,street_name,cocaine
Old Lady,cocaine,street_name,cocaine
Oyster Stew,cocaine,street_name,cocaine
Paint,cocaine,street_name,cocaine
Paloma,cocaine,street_name,cocaine
Paleta,cocaine,street_name,cocaine
Palomos,cocaine,street_name,cocaine
Pantalones,cocaine,street_name,cocaine
Papas,cocaine,street_name,cocaine
Paradise,cocaine,street_name,cocaine
Paradise White,cocaine,street_name,cocaine
Parrot,cocaine,street_name,cocaine
Pearl,cocaine,street_name,cocaine
Pedrito,cocaine,street_name,cocaine
Perico,cocaine,street_name,cocaine
Personal,cocaine,street_name,cocaine
Peruvian,cocaine,street_name,cocaine
Peruvian Flake,cocaine,street_name,cocaine
Peruvian Lady,cocaine,street_name,cocaine
Pescado,cocaine,street_name,cocaine
Peta,cocaine,street_name,cocaine
Pez,cocaine,street_name,cocaine
Pichicata,cocaine,street_name,cocaine
Pillow,cocaine,street_name,cocaine
Pimp,cocaine,street_name,cocaine
Pingas,cocaine,street_name,cocaine
Pingos,cocaine,street_name,cocaine
Pintura Blanca,cocaine,street_name,cocaine
Poli,cocaine,street_name,cocaine
Pollo,cocaine,street_name,cocaine
Polvo,cocaine,street_name,cocaine
Powder,cocaine,street_name,cocaine
Powder Diamonds,cocaine,street_name,cocaine
Puma,cocaine,street_name,cocaine
Puritain,cocaine,street_name,cocaine
Quadros,cocaine,street_name,cocaine
Queso Blanco,cocaine,street_name,cocaine
Racehorse Charlie,cocaine,street_name,cocaine
Rambo,cocaine,street_name,cocaine
Refresco,cocaine,street_name,cocaine
Refrescas,cocaine,street_name,cocaine
Chevy,cocaine,street_name,cocaine
Cheyenne,cocaine,street_name,cocaine
Chica,cocaine,street_name,cocaine
Chicanitas,cocaine,street_name,cocaine
Chinos,cocaine,street_name,cocaine
Chiva,cocaine,street_name,cocaine
Cielo,cocaine,street_name,cocaine
Clear Kind,cocaine,street_name,cocaine
Clear Tires,cocaine,street_name,cocaine
Coca,cocaine,street_name,cocaine
Coca-Cola,cocaine,street_name,cocaine
Cocazo,cocaine,street_name,cocaine
Coconut,cocaine,street_name,cocaine
Coke,cocaine,street_name,cocaine
Cola,cocaine,street_name,cocaine
Colorado,cocaine,street_name,cocaine
Comida,cocaine,street_name,cocaine
Comida Dulce,cocaine,street_name,cocaine
Connie,cocaine,street_name,cocaine
Cookie,cocaine,street_name,cocaine
Cosa,cocaine,street_name,cocaine
Coso,cocaine,street_name,cocaine
Cosos,cocaine,street_name,cocaine
Crow,cocaine,street_name,cocaine
Crusty Treats,cocaine,street_name,cocaine
Cuadro,cocaine,street_name,cocaine
Death Valley,cocaine,street_name,cocaine
Designer Jeans,cocaine,street_name,cocaine
Devil’s Dandruff,cocaine,street_name,cocaine
Diamonds,cocaine,street_name,cocaine
Diente,cocaine,street_name,cocaine
Dienton,cocaine,street_name,cocaine
Diesel,cocaine,street_name,cocaine
Diosa Blanca,cocaine,street_name,cocaine
Dona Blanca,cocaine,street_name,cocaine
Double Bubble,cocaine,street_name,cocaine
Double Letters,cocaine,street_name,cocaine
Dove,cocaine,street_name,cocaine
Dream,cocaine,street_name,cocaine
Dulces,cocaine,street_name,cocaine
Duracell,cocaine,street_name,cocaine
Durazno,cocaine,street_name,cocaine
Duro,cocaine,street_name,cocaine
Dust,cocaine,street_name,cocaine
Escama,cocaine,street_name,cocaine
Escorpino,cocaine,street_name,cocaine
Falopa,cocaine,street_name,cocaine
Fef1,cocaine,street_name,cocaine
Fichas,cocaine,street_name,cocaine
Fiesta,cocaine,street_name,cocaine
Fire,cocaine,street_name,cocaine
Fish,cocaine,street_name,cocaine
Fish Scale,cocaine,street_name,cocaine
Flake,cocaine,street_name,cocaine
Flea Market Jeans,cocaine,street_name,cocaine
Florida Snow,cocaine,street_name,cocaine
Flour,cocaine,street_name,cocaine
Food,cocaine,street_name,cocaine
Foolish Powder,cocaine,street_name,cocaine
Fox,cocaine,street_name,cocaine
Freeze,cocaine,street_name,cocaine
Friskie Powder,cocaine,street_name,cocaine
Frula,cocaine,street_name,cocaine
Funtime,cocaine,street_name,cocaine
Gabacho,cocaine,street_name,cocaine
Galaxy,cocaine,street_name,cocaine
Gallos,cocaine,street_name,cocaine
Gato,cocaine,street_name,cocaine
Gift of the Sun,cocaine,street_name,cocaine
Gin,cocaine,street_name,cocaine
Girl,cocaine,street_name,cocaine
Girlfriend,cocaine,street_name,cocaine
Glad Stuff,cocaine,street_name,cocaine
Gold Dust,cocaine,street_name,cocaine
Green Gold,cocaine,street_name,cocaine
Gringa,cocaine,street_name,cocaine
Gringito,cocaine,street_name,cocaine
Grout,cocaine,street_name,cocaine
Guerillo,cocaine,street_name,cocaine
Gueros,cocaine,street_name,cocaine
Guitar,cocaine,street_name,cocaine
H1,cocaine,street_name,cocaine
Hai Hit,cocaine,street_name,cocaine
Hamburger,cocaine,street_name,cocaine
Happy Dust,cocaine,street_name,cocaine
Happy Powder,cocaine,street_name,cocaine
Happy Trails,cocaine,street_name,cocaine
Heaven,cocaine,street_name,cocaine
Heaven Dust,cocaine,street_name,cocaine
Heavy One,cocaine,street_name,cocaine
Hen,cocaine,street_name,cocaine
Henry VIII,cocaine,street_name,cocaine
HH,cocaine,street_name,cocaine
HHJ,cocaine,street_name,cocaine
High Heat,cocaine,street_name,cocaine
HMH,cocaine,street_name,cocaine
Hooter,cocaine,street_name,cocaine
Hundai,cocaine,street_name,cocaine
7,cocaine,street_name,cocaine
62,cocaine,street_name,cocaine
77,cocaine,street_name,cocaine
777,cocaine,street_name,cocaine
921,cocaine,street_name,cocaine
A-1,cocaine,street_name,cocaine
Adidas,cocaine,street_name,cocaine
All-American Drug,cocaine,street_name,cocaine
Ancla,cocaine,street_name,cocaine
Angel Powder,cocaine,street_name,cocaine
Angie,cocaine,street_name,cocaine
Animals,cocaine,street_name,cocaine
Apache,cocaine,street_name,cocaine
Apodo,cocaine,street_name,cocaine
Arriba,cocaine,street_name,cocaine
Audi,cocaine,street_name,cocaine
Aunt Nora,cocaine,street_name,cocaine
Azucar,cocaine,street_name,cocaine
Baby Powder,cocaine,street_name,cocaine
Barrato,cocaine,street_name,cocaine
Basuco,cocaine,street_name,cocaine
Bazooka,cocaine,street_name,cocaine
Beach,cocaine,street_name,cocaine
Belushi,cocaine,street_name,cocaine
Bernice,cocaine,street_name,cocaine
Bernie’s Flakes,cocaine,street_name,cocaine
Bernie’s Gold Dust,cocaine,street_name,cocaine
Big Bird,cocaine,street_name,cocaine
Big Bloke,cocaine,street_name,cocaine
Big C,cocaine,street_name,cocaine
Big Flake,cocaine,street_name,cocaine
Big Rush,cocaine,street_name,cocaine
Billie Hoke,cocaine,street_name,cocaine
Bird,cocaine,street_name,cocaine
Birdie Powder,cocaine,street_name,cocaine
Blanca Nieves,cocaine,street_name,cocaine
Blanco,cocaine,street_name,cocaine
Blast,cocaine,street_name,cocaine
Blizzard,cocaine,street_name,cocaine
Blonde,cocaine,street_name,cocaine
Blocks,cocaine,street_name,cocaine
Blow,cocaine,street_name,cocaine
BMW,cocaine,street_name,cocaine
Board,cocaine,street_name,cocaine
Bobo,cocaine,street_name,cocaine
Bolitas,cocaine,street_name,cocaine
Bolivian Marching Powder,cocaine,street_name,cocaine
Bombita,cocaine,street_name,cocaine
Booger Sugar,cocaine,street_name,cocaine
Bose,cocaine,street_name,cocaine
Bouncing Powder,cocaine,street_name,cocaine
Brisa,cocaine,street_name,cocaine
Bump,cocaine,street_name,cocaine
C-Dust,cocaine,street_name,cocaine
Caballo,cocaine,street_name,cocaine
Caca,cocaine,street_name,cocaine
Cadillac,cocaine,street_name,cocaine
California Pancakes,cocaine,street_name,cocaine
Calves,cocaine,street_name,cocaine
Canelon,cocaine,street_name,cocaine
Candy,cocaine,street_name,cocaine
Car,cocaine,street_name,cocaine
Carney,cocaine,street_name,cocaine
Carrie Nation,cocaine,street_name,cocaine
Cars,cocaine,street_name,cocaine
Case,cocaine,street_name,cocaine
Cebolla,cocaine,street_name,cocaine
Cecil,cocaine,street_name,cocaine
Cement,cocaine,street_name,cocaine
Charlie,cocaine,street_name,cocaine
Devil Smoke,crack,street_name,crack
Dice,crack,street_name,crack
Dime Special,crack,street_name,crack
Dirty Basing,crack,street_name,crack
Dirty Fentanyl,crack,street_name,crack
Double Yoke,crack,street_name,crack
Durin,crack,street_name,crack
Eastside Player,crack,street_name,crack
Egg,crack,street_name,crack
Eye Opener,crack,street_name,crack
Famous Dimes,crack,street_name,crack
Fat Bags,crack,street_name,crack
Fifty-One,crack,street_name,crack
Fish Scales,crack,street_name,crack
Freebase,crack,street_name,crack
French Fries,crack,street_name,crack
Garbage Rock,crack,street_name,crack
Geek,crack,street_name,crack
Glo,crack,street_name,crack
Gold,crack,street_name,crack
Golf Ball,crack,street_name,crack
Gravel,crack,street_name,crack
Great White Hope,crack,street_name,crack
Grit,crack,street_name,crack
Groceries,crack,street_name,crack
Hail,crack,street_name,crack
Hamburger Helper,crack,street_name,crack
Hard,crack,street_name,crack
Hotcakes,crack,street_name,crack
Hubba,crack,street_name,crack
Ice,crack,street_name,crack
Ice Cubes,crack,street_name,crack
Issues,crack,street_name,crack
Jelly Beans,crack,street_name,crack
Johnson,crack,street_name,crack
Kangaroo,crack,street_name,crack
Kokoma,crack,street_name,crack
Kryptonite,crack,street_name,crack
Love,crack,street_name,crack
Mixed Jive,crack,street_name,crack
Moon Rock,crack,street_name,crack
Nickle,crack,street_name,crack
Nuggets,crack,street_name,crack
One-Fifty-One,crack,street_name,crack
Paste,crack,street_name,crack
Pebbles,crack,street_name,crack
Pee Wee,crack,street_name,crack
Piedras,crack,street_name,crack
Pile,crack,street_name,crack
Pony,crack,street_name,crack
Primo,crack,street_name,crack
Quarters,crack,street_name,crack
Raw,crack,street_name,crack
Ready Rock,crack,street_name,crack
Red Caps,crack,street_name,crack
RIP,crack,street_name,crack
Roca,crack,street_name,crack
Rock,crack,street_name,crack
Rock Attack,crack,street_name,crack
Rocks of Hell,crack,street_name,crack
Rocky III,crack,street_name,crack
Rooster,crack,street_name,crack
Rox,crack,street_name,crack
Roxanne,crack,street_name,crack
Roz,crack,street_name,crack
Schoolcraft,crack,street_name,crack
Scotty,crack,street_name,crack
Scramble,crack,street_name,crack
Scruples,crack,street_name,crack
Seven-Up,crack,street_name,crack
Sherms,crack,street_name,crack
Sight Ball,crack,street_name,crack
Slab,crack,street_name,crack
Sleet,crack,street_name,crack
Smoke,crack,street_name,crack
Speed Boat,crack,street_name,crack
Square Time Bomb,crack,street_name,crack
Stone,crack,street_name,crack
Sugar Block,crack,street_name,crack
Takeover,crack,street_name,crack
Teeth,crack,street_name,crack
Tension,crack,street_name,crack
Tissue,crack,street_name,crack
Top Gun,crack,street_name,crack
Troop,crack,street_name,crack
Ultimate,crack,street_name,crack
Up,crack,street_name,crack
Uzi,crack,street_name,crack
Wave,crack,street_name,crack
White Ball,crack,street_name,crack
White Ghost,crack,street_name,crack
White Sugar,crack,street_name,crack
White Tornado,crack,street_name,crack
Wrecking Crew,crack,street_name,crack
Yahoo,crack,street_name,crack
Yale,crack,street_name,crack
Yimyom,crack,street_name,crack
51s,crack,street_name,crack
151s,crack,street_name,crack
501s,crack,street_name,crack
Apple Jack,crack,street_name,crack
Baby T,crack,street_name,crack
Base,crack,street_name,crack
Baseball,crack,street_name,crack
Bazooka,crack,street_name,crack
Beam Me Up,crack,street_name,crack
Beautiful Boulders,crack,street_name,crack
Beemer,crack,street_name,crack
Bill Blass,crack,street_name,crack
Bings,crack,street_name,crack
BJ,crack,street_name,crack
Black Rock,crack,street_name,crack
Blowcaine,crack,street_name,crack
Blowout,crack,street_name,crack
Blue,crack,street_name,crack
Bobo,crack,street_name,crack
Bolo,crack,street_name,crack
Bomb,crack,street_name,crack
Bone Crusher,crack,street_name,crack
Bone,crack,street_name,crack
Boo-Boo,crack,street_name,crack
Boulder,crack,street_name,crack
Boy,crack,street_name,crack
Breakfast of Champions,crack,street_name,crack
Bubble Gum,crack,street_name,crack
Bullion,crack,street_name,crack
Bump,crack,street_name,crack
Candy,crack,street_name,crack
Caps,crack,street_name,crack
Casper the Ghost,crack,street_name,crack
Caviar,crack,street_name,crack
CD,crack,street_name,crack
Cheap Basing,crack,street_name,crack
Chewies,crack,street_name,crack
Chingy,crack,street_name,crack
Clicker,crack,street_name,crack
Climax,crack,street_name,crack
Cloud,crack,street_name,crack
Cloud Nine,crack,street_name,crack
Cookies,crack,street_name,crack
CRC,crack,street_name,crack
Crib,crack,street_name,crack
Crunch and Munch,crack,street_name,crack
Devil,crack,street_name,crack
Ecstasy,ecstasy/MDMA,street_name,ecstasy/MDMA
MDMA,ecstasy/MDMA,street_name,ecstasy/MDMA
Molly,ecstasy/MDMA,street_name,ecstasy/MDMA
Adam,ecstasy/MDMA,street_name,ecstasy/MDMA
Baby Slits,ecstasy/MDMA,street_name,ecstasy/MDMA
Beans,ecstasy/MDMA,street_name,ecstasy/MDMA
Blue Kisses,ecstasy/MDMA,street_name,ecstasy/MDMA
Blue Superman,ecstasy/MDMA,street_name,ecstasy/MDMA
Bombs,ecstasy/MDMA,street_name,ecstasy/MDMA
Booty Juice,ecstasy/MDMA,street_name,ecstasy/MDMA
Candy,ecstasy/MDMA,street_name,ecstasy/MDMA
Chocolate Chips,ecstasy/MDMA,street_name,ecstasy/MDMA
Clarity,ecstasy/MDMA,street_name,ecstasy/MDMA
Dancing Shoes,ecstasy/MDMA,street_name,ecstasy/MDMA
Decadence,ecstasy/MDMA,street_name,ecstasy/MDMA
Disco Biscuits,ecstasy/MDMA,street_name,ecstasy/MDMA
Doctor,ecstasy/MDMA,street_name,ecstasy/MDMA
Domex,ecstasy/MDMA,street_name,ecstasy/MDMA
Drop,ecstasy/MDMA,street_name,ecstasy/MDMA
E,ecstasy/MDMA,street_name,ecstasy/MDMA
E-Bomb,ecstasy/MDMA,street_name,ecstasy/MDMA
Essence,ecstasy/MDMA,street_name,ecstasy/MDMA
Eve,ecstasy/MDMA,street_name,ecstasy/MDMA
Go,ecstasy/MDMA,street_name,ecstasy/MDMA
Goog,ecstasy/MDMA,street_name,ecstasy/MDMA
Green Apple,ecstasy/MDMA,street_name,ecstasy/MDMA
Happy Pill,ecstasy/MDMA,street_name,ecstasy/MDMA
Hug,ecstasy/MDMA,street_name,ecstasy/MDMA
Hug Drug,ecstasy/MDMA,street_name,ecstasy/MDMA
Kleenex,ecstasy/MDMA,street_name,ecstasy/MDMA
Love Doctor,ecstasy/MDMA,street_name,ecstasy/MDMA
Love Drug,ecstasy/MDMA,street_name,ecstasy/MDMA
Love Flip,ecstasy/MDMA,street_name,ecstasy/MDMA
Love Potion #9,ecstasy/MDMA,street_name,ecstasy/MDMA
Love Trip,ecstasy/MDMA,street_name,ecstasy/MDMA
Lover’s Speed,ecstasy/MDMA,street_name,ecstasy/MDMA
Malcolm X,ecstasy/MDMA,street_name,ecstasy/MDMA
Moon Rock,ecstasy/MDMA,street_name,ecstasy/MDMA
Peace,ecstasy/MDMA,street_name,ecstasy/MDMA
Pingaz,ecstasy/MDMA,street_name,ecstasy/MDMA
Pingers,ecstasy/MDMA,street_name,ecstasy/MDMA
Rolls,ecstasy/MDMA,street_name,ecstasy/MDMA
Rolling,ecstasy/MDMA,street_name,ecstasy/MDMA
Running,ecstasy/MDMA,street_name,ecstasy/MDMA
Scooby Snacks,ecstasy/MDMA,street_name,ecstasy/MDMA
Skittle,ecstasy/MDMA,street_name,ecstasy/MDMA
Smacks,ecstasy/MDMA,street_name,ecstasy/MDMA
Slits,ecstasy/MDMA,street_name,ecstasy/MDMA
Smarties,ecstasy/MDMA,street_name,ecstasy/MDMA
Speed for Lovers,ecstasy/MDMA,street_name,ecstasy/MDMA
Sweets,ecstasy/MDMA,street_name,ecstasy/MDMA
Tacha,ecstasy/MDMA,street_name,ecstasy/MDMA
Thizz,ecstasy/MDMA,street_name,ecstasy/MDMA
Vitamin E,ecstasy/MDMA,street_name,ecstasy/MDMA
Vowels,ecstasy/MDMA,street_name,ecstasy/MDMA
White Mercedes,ecstasy/MDMA,street_name,ecstasy/MDMA
X,ecstasy/MDMA,street_name,ecstasy/MDMA
XTC,ecstasy/MDMA,street_name,ecstasy/MDMA
Yokes,ecstasy/MDMA,street_name,ecstasy/MDMA
Norco,hydrocodone,brand_name,hydrocodone
Vicodin,hydrocodone,brand_name,hydrocodone
Lorcet,hydrocodone,brand_name,hydrocodone
357s,hydrocodone,street_name,hydrocodone
Bananas,hydrocodone,street_name,hydrocodone
Dones,hydrocodone,street_name,hydrocodone
Dro,hydrocodone,street_name,hydrocodone
Droco,hydrocodone,street_name,hydrocodone
Fluff,hydrocodone,street_name,hydrocodone
Hydros,hydrocodone,street_name,hydrocodone
Idiot Pills,hydrocodone,street_name,hydrocodone
Lemonade,hydrocodone,street_name,hydrocodone
Lorries,hydrocodone,street_name,hydrocodone
Scratch,hydrocodone,street_name,hydrocodone
Tabs,hydrocodone,street_name,hydrocodone
Triple V,hydrocodone,street_name,hydrocodone
Veeks,hydrocodone,street_name,hydrocodone
Vics,hydrocodone,street_name,hydrocodone
Vikes,hydrocodone,street_name,hydrocodone
Watsons,hydrocodone,street_name,hydrocodone
Dilaudid,hydromorphone,street_name,hydromorphone
D,hydromorphone,street_name,hydromorphone
Dillies,hydromorphone,street_name,hydromorphone
K4,hydromorphone,street_name,hydromorphone
Needle Candy,hydromorphone,street_name,hydromorphone
Diablo,methamphetamine,street_name,methamphetamine
Evil Sister,methamphetamine,street_name,methamphetamine
Eye Glasses,methamphetamine,street_name,methamphetamine
Fire,methamphetamine,street_name,methamphetamine
Fizz,methamphetamine,street_name,methamphetamine
Flowers,methamphetamine,street_name,methamphetamine
Foco,methamphetamine,street_name,methamphetamine
Food,methamphetamine,street_name,methamphetamine
Frio,methamphetamine,street_name,methamphetamine
Fruit,methamphetamine,street_name,methamphetamine
Gak,methamphetamine,street_name,methamphetamine
Garbage,methamphetamine,street_name,methamphetamine
G-Funk,methamphetamine,street_name,methamphetamine
Gifts,methamphetamine,street_name,methamphetamine
Girls,methamphetamine,street_name,methamphetamine
Glass,methamphetamine,street_name,methamphetamine
Go-Fast,methamphetamine,street_name,methamphetamine
Go-Go,methamphetamine,street_name,methamphetamine
Goofball,methamphetamine,street_name,methamphetamine
Groceries,methamphetamine,street_name,methamphetamine
Hard Ones,methamphetamine,street_name,methamphetamine
Hare,methamphetamine,street_name,methamphetamine
Hawaiian Salt,methamphetamine,street_name,methamphetamine
Hielo,methamphetamine,street_name,methamphetamine
Hiropon,methamphetamine,street_name,methamphetamine
Hot Ice,methamphetamine,street_name,methamphetamine
Hubbers,methamphetamine,street_name,methamphetamine
Ice,methamphetamine,street_name,methamphetamine
Ice Cream,methamphetamine,street_name,methamphetamine
Ice Water,methamphetamine,street_name,methamphetamine
Icehead,methamphetamine,street_name,methamphetamine
Jale,methamphetamine,street_name,methamphetamine
Jug of Water,methamphetamine,street_name,methamphetamine
L.A. Glass,methamphetamine,street_name,methamphetamine
L.A. Ice,methamphetamine,street_name,methamphetamine
Lemons,methamphetamine,street_name,methamphetamine
Lemon Drop,methamphetamine,street_name,methamphetamine
Light,methamphetamine,street_name,methamphetamine
Light Beige,methamphetamine,street_name,methamphetamine
Livianas,methamphetamine,street_name,methamphetamine
Madera,methamphetamine,street_name,methamphetamine
Mamph,methamphetamine,street_name,methamphetamine
Meth,methamphetamine,street_name,methamphetamine
Methlies Quick,methamphetamine,street_name,methamphetamine
Mexican Crack,methamphetamine,street_name,methamphetamine
Mexican Crank,methamphetamine,street_name,methamphetamine
Miss Girl,methamphetamine,street_name,methamphetamine
Montura,methamphetamine,street_name,methamphetamine
Motor,methamphetamine,street_name,methamphetamine
Muchacha,methamphetamine,street_name,methamphetamine
Nails,methamphetamine,street_name,methamphetamine
One Pot,methamphetamine,street_name,methamphetamine
No-Doze,methamphetamine,street_name,methamphetamine
Paint,methamphetamine,street_name,methamphetamine
Pantalones,methamphetamine,street_name,methamphetamine
Patudas,methamphetamine,street_name,methamphetamine
Peanut Butter Crank,methamphetamine,street_name,methamphetamine
Pinata,methamphetamine,street_name,methamphetamine
Pointy Ones,methamphetamine,street_name,methamphetamine
Pollito,methamphetamine,street_name,methamphetamine
Popsicle,methamphetamine,street_name,methamphetamine
Purple,methamphetamine,street_name,methamphetamine
Raspado,methamphetamine,street_name,methamphetamine
Rims,methamphetamine,street_name,methamphetamine
Rocket Fuel,methamphetamine,street_name,methamphetamine
Salt,methamphetamine,street_name,methamphetamine
Shabu,methamphetamine,street_name,methamphetamine
Shards,methamphetamine,street_name,methamphetamine
Shatter,methamphetamine,street_name,methamphetamine
Shaved Ice,methamphetamine,street_name,methamphetamine
Shiny Girl,methamphetamine,street_name,methamphetamine
Small Girl,methamphetamine,street_name,methamphetamine
Soap Dope,methamphetamine,street_name,methamphetamine
Soft Ones,methamphetamine,street_name,methamphetamine
Speed,methamphetamine,street_name,methamphetamine
Speed Dog,methamphetamine,street_name,methamphetamine
Spicy Kind,methamphetamine,street_name,methamphetamine
Spin,methamphetamine,street_name,methamphetamine
Stove Top,methamphetamine,street_name,methamphetamine
Stuff,methamphetamine,street_name,methamphetamine
Super Ice,methamphetamine,street_name,methamphetamine
Table,methamphetamine,street_name,methamphetamine
Tina,methamphetamine,street_name,methamphetamine
Tires,methamphetamine,street_name,methamphetamine
Trash,methamphetamine,street_name,methamphetamine
Truck,methamphetamine,street_name,methamphetamine
Tupperware,methamphetamine,street_name,methamphetamine
Tweak,methamphetamine,street_name,methamphetamine
Unassembled,methamphetamine,street_name,methamphetamine
Uppers,methamphetamine,street_name,methamphetamine
Ventanas,methamphetamine,street_name,methamphetamine
Vidrio,methamphetamine,street_name,methamphetamine
Walking Zombie,methamphetamine,street_name,methamphetamine
Water,methamphetamine,street_name,methamphetamine
Wazz,methamphetamine,street_name,methamphetamine
White,methamphetamine,street_name,methamphetamine
Whizz,methamphetamine,street_name,methamphetamine
Windows,methamphetamine,street_name,methamphetamine
Witches Teeth,methamphetamine,street_name,methamphetamine
Yaba,methamphetamine,street_name,methamphetamine
Yellow Barn,methamphetamine,street_name,methamphetamine
Yellow Cake,methamphetamine,street_name,methamphetamine
Yellow Kind,methamphetamine,street_name,methamphetamine
Zip,methamphetamine,street_name,methamphetamine
Accordion,methamphetamine,street_name,methamphetamine
Amp,methamphetamine,street_name,methamphetamine
Aqua,methamphetamine,street_name,methamphetamine
Arroz,methamphetamine,street_name,methamphetamine
Assembled,methamphetamine,street_name,methamphetamine
Batu,methamphetamine,street_name,methamphetamine
Begok,methamphetamine,street_name,methamphetamine
Biker’s Coffee,methamphetamine,street_name,methamphetamine
Blue,methamphetamine,street_name,methamphetamine
Blue Bell Ice Cream,methamphetamine,street_name,methamphetamine
Beers,methamphetamine,street_name,methamphetamine
Bottles,methamphetamine,street_name,methamphetamine
Bucio,methamphetamine,street_name,methamphetamine
Bud Light,methamphetamine,street_name,methamphetamine
Bump,methamphetamine,street_name,methamphetamine
Cajitas,methamphetamine,street_name,methamphetamine
Chalk,methamphetamine,street_name,methamphetamine
Chandelier,methamphetamine,street_name,methamphetamine
Chavalone,methamphetamine,street_name,methamphetamine
Chicken,methamphetamine,street_name,methamphetamine
Chicken Feed,methamphetamine,street_name,methamphetamine
Chicken Powder,methamphetamine,street_name,methamphetamine
Chris,methamphetamine,street_name,methamphetamine
Christine,methamphetamine,street_name,methamphetamine
Christy,methamphetamine,street_name,methamphetamine
Clear,methamphetamine,street_name,methamphetamine
Clothing Cleaner,methamphetamine,street_name,methamphetamine
Cold,methamphetamine,street_name,methamphetamine
Cold One,methamphetamine,street_name,methamphetamine
Colorado Rockies,methamphetamine,street_name,methamphetamine
Crank,methamphetamine,street_name,methamphetamine
Cream,methamphetamine,street_name,methamphetamine
Cri-Cri,methamphetamine,street_name,methamphetamine
Crink,methamphetamine,street_name,methamphetamine
Crisco,methamphetamine,street_name,methamphetamine
Crissy,methamphetamine,street_name,methamphetamine
Christy,methamphetamine,street_name,methamphetamine
Crypto,methamphetamine,street_name,methamphetamine
Crystal,methamphetamine,street_name,methamphetamine
Cuadro,methamphetamine,street_name,methamphetamine
Day,methamphetamine,street_name,methamphetamine
Diamond,methamphetamine,street_name,methamphetamine
Dunk,methamphetamine,street_name,methamphetamine
El Gata,methamphetamine,street_name,methamphetamine
Ritalin,methylphenidate,brand_name,methylphenidate
Concerta,methylphenidate,brand_name,methylphenidate
Daytrana,methylphenidate,brand_name,methylphenidate
Diet Coke,methylphenidate,street_name,methylphenidate
Jif,methylphenidate,street_name,methylphenidate
Johnny,methylphenidate,street_name,methylphenidate
Kibbles and Bits,methylphenidate,street_name,methylphenidate
Kiddie Cocaine,methylphenidate,street_name,methylphenidate
Kiddie Coke,methylphenidate,street_name,methylphenidate
MPH,methylphenidate,street_name,methylphenidate
Pineapple,methylphenidate,street_name,methylphenidate
Poor Man’s Cocaine,methylphenidate,street_name,methylphenidate
R-Ball,methylphenidate,street_name,methylphenidate
R-Pop,methylphenidate,street_name,methylphenidate
Rids,methylphenidate,street_name,methylphenidate
Rittys,methylphenidate,street_name,methylphenidate
Skippy,methylphenidate,street_name,methylphenidate
Skittles,methylphenidate,street_name,methylphenidate
Smarties,methylphenidate,street_name,methylphenidate
Study Buddies,methylphenidate,street_name,methylphenidate
Truck Drivers,methylphenidate,street_name,methylphenidate
Vitamin R,methylphenidate,street_name,methylphenidate
Dreamer,morphine,street_name,morphine
First Line,morphine,street_name,morphine
God’s Drug,morphine,street_name,morphine
Joy Juice,morphine,street_name,morphine
Miss Emma,morphine,street_name,morphine
Monkey,morphine,street_name,morphine
Mister Blue,morphine,street_name,morphine
Morpho,morphine,street_name,morphine
Unkie,morphine,street_name,morphine
White Stuff,morphine,street_name,morphine
M,morphine,street_name,morphine
Ah-Pen-Yen,opium,street_name,opium
Auntie,opium,street_name,opium
Aunt Emma,opium,street_name,opium
Big O,opium,street_name,opium
Black,opium,street_name,opium
Black Pill,opium,street_name,opium
Black Russian,opium,street_name,opium
Chandoo,opium,street_name,opium
China,opium,street_name,opium
Chinese Molasses,opium,street_name,opium
Chinese Tobacco,opium,street_name,opium
Chocolate,opium,street_name,opium
Cruz,opium,street_name,opium
Dopium,opium,street_name,opium
Dover’s Powder,opium,street_name,opium
Dream Gum,opium,street_name,opium
Dream Stick,opium,street_name,opium
Dreams,opium,street_name,opium
Easing Powder,opium,street_name,opium
Fi-Do-Nie,opium,street_name,opium
Gee,opium,street_name,opium
God’s medicine,opium,street_name,opium
Goma,opium,street_name,opium
Gondola,opium,street_name,opium
Goric,opium,street_name,opium
Great Tobacco,opium,street_name,opium
Gum,opium,street_name,opium
Guma,opium,street_name,opium
Hocus,opium,street_name,opium
Hops,opium,street_name,opium
Incense,opium,street_name,opium
Joy Plant,opium,street_name,opium
Midnight Oil,opium,street_name,opium
Mira,opium,street_name,opium
Ope,opium,street_name,opium
Opio,opium,street_name,opium
Pen Yan,opium,street_name,opium
Pin Gon,opium,street_name,opium
Pin Yen,opium,street_name,opium
Pox,opium,street_name,opium
Skee,opium,street_name,opium
Toxy,opium,street_name,opium
Toys,opium,street_name,opium
When-Shee,opium,street_name,opium
Zero,opium,street_name,opium
Oxaydo,oxycodone,brand_name,oxycodone
Roxicodone,oxycodone,brand_name,oxycodone
Oxycontin,oxycodone,brand_name,oxycodone
Oxycodone,oxycodone,brand_name,oxycodone
30s,oxycodone,street_name,oxycodone
40s,oxycodone,street_name,oxycodone
512s,oxycodone,street_name,oxycodone
Beans,oxycodone,street_name,oxycodone
Blues,oxycodone,street_name,oxycodone
Buttons,oxycodone,street_name,oxycodone
Cotton,oxycodone,street_name,oxycodone
Greens,oxycodone,street_name,oxycodone
Hillbilly Heroin,oxycodone,street_name,oxycodone
Kickers,oxycodone,street_name,oxycodone
Killers,oxycodone,street_name,oxycodone
Muchachas,oxycodone,street_name,oxycodone
Mujeres,oxycodone,street_name,oxycodone
OC,oxycodone,street_name,oxycodone
Oxy,oxycodone,street_name,oxycodone
Oxy 80s,oxycodone,street_name,oxycodone
Roxy,oxycodone,street_name,oxycodone
Roxy Shorts,oxycodone,street_name,oxycodone
Whites,oxycodone,street_name,oxycodone
Oxycat,oxycodone,street_name,oxycodone
Pink,U-47700,street_name,U-47700
Pinky,U-47700,street_name,U-47700
U4,U-47700,street_name,U-47700
Peliroja,marijuana,street_name,marijuana
Pelosa,marijuana,street_name,marijuana
Phoenix,marijuana,street_name,marijuana
Pine,marijuana,street_name,marijuana
Pink Panther,marijuana,street_name,marijuana
Pintura,marijuana,street_name,marijuana
Plant,marijuana,street_name,marijuana
Platinum Cookies,marijuana,street_name,marijuana
Platinum Jack,marijuana,street_name,marijuana
Pocket Rocket,marijuana,street_name,marijuana
Popcorn,marijuana,street_name,marijuana
Porro,marijuana,street_name,marijuana
Pot,marijuana,street_name,marijuana
Pretendo,marijuana,street_name,marijuana
Prop 215,marijuana,street_name,marijuana
Puff,marijuana,street_name,marijuana
Purple Haze,marijuana,street_name,marijuana
Purple OG,marijuana,street_name,marijuana
Queen Anns Lace,marijuana,street_name,marijuana
Red Hair,marijuana,street_name,marijuana
Ragweed,marijuana,street_name,marijuana
Railroad Weed,marijuana,street_name,marijuana
Rainy Day Woman,marijuana,street_name,marijuana
Rasta Weed,marijuana,street_name,marijuana
Red Cross,marijuana,street_name,marijuana
Red Dirt,marijuana,street_name,marijuana
Reefer,marijuana,street_name,marijuana
Reggie,marijuana,street_name,marijuana
Repollo,marijuana,street_name,marijuana
Righteous Bush,marijuana,street_name,marijuana
Root,marijuana,street_name,marijuana
Rope,marijuana,street_name,marijuana
Rosa Maria,marijuana,street_name,marijuana
Salt and Pepper,marijuana,street_name,marijuana
Santa Marta,marijuana,street_name,marijuana
Sasafras,marijuana,street_name,marijuana
Sativa,marijuana,street_name,marijuana
Shoes,marijuana,street_name,marijuana
Sinsemilla,marijuana,street_name,marijuana
Shmagma,marijuana,street_name,marijuana
Shora,marijuana,street_name,marijuana
Shrimp,marijuana,street_name,marijuana
Shwag,marijuana,street_name,marijuana
Skunk,marijuana,street_name,marijuana
Skywalker,marijuana,street_name,marijuana
Smoke,marijuana,street_name,marijuana
Smoochy Woochy Poochy,marijuana,street_name,marijuana
Smoke Canada,marijuana,street_name,marijuana
Sour OG,marijuana,street_name,marijuana
Spliff,marijuana,street_name,marijuana
Stems,marijuana,street_name,marijuana
Sticky,marijuana,street_name,marijuana
Stink Weed,marijuana,street_name,marijuana
Sugar Weed,marijuana,street_name,marijuana
Sweet Lucy,marijuana,street_name,marijuana
Tahoe,marijuana,street_name,marijuana
Tangy OG,marijuana,street_name,marijuana
Terp,marijuana,street_name,marijuana
Terpenes,marijuana,street_name,marijuana
Tex-Mex,marijuana,street_name,marijuana
Texas Tea,marijuana,street_name,marijuana
Tigitty,marijuana,street_name,marijuana
Tila,marijuana,street_name,marijuana
Tims,marijuana,street_name,marijuana
Top Shelf,marijuana,street_name,marijuana
Tosca,marijuana,street_name,marijuana
Train Wreck,marijuana,street_name,marijuana
Trees,marijuana,street_name,marijuana
Trinity OG,marijuana,street_name,marijuana
Tweeds,marijuana,street_name,marijuana
Valle,marijuana,street_name,marijuana
Wake and Bake,marijuana,street_name,marijuana
Weed,marijuana,street_name,marijuana
Weed Tea,marijuana,street_name,marijuana
Wet,marijuana,street_name,marijuana
Wheat,marijuana,street_name,marijuana
White-Haired Lady,marijuana,street_name,marijuana
Wooz,marijuana,street_name,marijuana
Yellow Submarine,marijuana,street_name,marijuana
Yen Pop,marijuana,street_name,marijuana
Yerba,marijuana,street_name,marijuana
Yesca,marijuana,street_name,marijuana
Young Girls,marijuana,street_name,marijuana
Zacate,marijuana,street_name,marijuana
Zacatecas,marijuana,street_name,marijuana
Zambi,marijuana,street_name,marijuana
Zip,marijuana,street_name,marijuana
Zoom,marijuana,street_name,marijuana
Jon-Jem,marijuana,street_name,marijuana
Joy Smoke,marijuana,street_name,marijuana
Juan Valdez,marijuana,street_name,marijuana
Juanita,marijuana,street_name,marijuana
Jungle Juice,marijuana,street_name,marijuana
Kaff,marijuana,street_name,marijuana
Kali,marijuana,street_name,marijuana
Kaya,marijuana,street_name,marijuana
KB,marijuana,street_name,marijuana
Kentucky Blue,marijuana,street_name,marijuana
KGB,marijuana,street_name,marijuana
Khalifa,marijuana,street_name,marijuana
Kiff,marijuana,street_name,marijuana
Killa,marijuana,street_name,marijuana
Kilter,marijuana,street_name,marijuana
King Louie,marijuana,street_name,marijuana
Kona Gold,marijuana,street_name,marijuana
Kumba,marijuana,street_name,marijuana
Kush,marijuana,street_name,marijuana
Laughing Grass,marijuana,street_name,marijuana
Laughing Weed,marijuana,street_name,marijuana
Leaf,marijuana,street_name,marijuana
Lechuga,marijuana,street_name,marijuana
Lemon-Lime,marijuana,street_name,marijuana
Lea,marijuana,street_name,marijuana
Liamba,marijuana,street_name,marijuana
Lime Pillows,marijuana,street_name,marijuana
Little Green Friends,marijuana,street_name,marijuana
Little Smoke,marijuana,street_name,marijuana
Llesca,marijuana,street_name,marijuana
Loaf,marijuana,street_name,marijuana
Lobo,marijuana,street_name,marijuana
Loco Weed,marijuana,street_name,marijuana
Loud,marijuana,street_name,marijuana
Love Nuggets,marijuana,street_name,marijuana
Love Weed,marijuana,street_name,marijuana
Lucas,marijuana,street_name,marijuana
M.J.,marijuana,street_name,marijuana
Machinery,marijuana,street_name,marijuana
Macoa,marijuana,street_name,marijuana
Mafafa,marijuana,street_name,marijuana
Magic Smoke,marijuana,street_name,marijuana
Manhattan Silver,marijuana,street_name,marijuana
Manteca,marijuana,street_name,marijuana
Maracachafa,marijuana,street_name,marijuana
Maria,marijuana,street_name,marijuana
Marimba,marijuana,street_name,marijuana
Mariquita,marijuana,street_name,marijuana
Mary Ann,marijuana,street_name,marijuana
Mary Jane,marijuana,street_name,marijuana
Mary Jones,marijuana,street_name,marijuana
Mary Warner,marijuana,street_name,marijuana
Mary Weaver,marijuana,street_name,marijuana
Matchbox,marijuana,street_name,marijuana
Matraca,marijuana,street_name,marijuana
Maui Wowie,marijuana,street_name,marijuana
Meg,marijuana,street_name,marijuana
Method,marijuana,street_name,marijuana
Mersh,marijuana,street_name,marijuana
Mexican Brown,marijuana,street_name,marijuana
Mexicali Haze,marijuana,street_name,marijuana
Mexican Green,marijuana,street_name,marijuana
Mexican Red,marijuana,street_name,marijuana
MMJ,marijuana,street_name,marijuana
Mochie,marijuana,street_name,marijuana
MoÃ±a,marijuana,street_name,marijuana
Monte,marijuana,street_name,marijuana
Moocah,marijuana,street_name,marijuana
Mootie,marijuana,street_name,marijuana
Mora,marijuana,street_name,marijuana
Morisqueta,marijuana,street_name,marijuana
Mostaza,marijuana,street_name,marijuana
Mota,marijuana,street_name,marijuana
Mother,marijuana,street_name,marijuana
Mowing the Lawn,marijuana,street_name,marijuana
Muggie,marijuana,street_name,marijuana
My Brother,marijuana,street_name,marijuana
Narizona,marijuana,street_name,marijuana
Northern Lights,marijuana,street_name,marijuana
Nug,marijuana,street_name,marijuana
O-Boy,marijuana,street_name,marijuana
OG,marijuana,street_name,marijuana
O.J.,marijuana,street_name,marijuana
Owl,marijuana,street_name,marijuana
Paja,marijuana,street_name,marijuana
Palm,marijuana,street_name,marijuana
Paloma,marijuana,street_name,marijuana
Palomita,marijuana,street_name,marijuana
Panama Cut,marijuana,street_name,marijuana
Panama Gold,marijuana,street_name,marijuana
Panama Red,marijuana,street_name,marijuana
Pakalolo,marijuana,street_name,marijuana
Parsley,marijuana,street_name,marijuana
Pasto,marijuana,street_name,marijuana
Pasture,marijuana,street_name,marijuana
Dew,marijuana,street_name,marijuana
Diesel,marijuana,street_name,marijuana
Dimba,marijuana,street_name,marijuana
Dinkie Dow,marijuana,street_name,marijuana
Diosa Verde,marijuana,street_name,marijuana
Dirt Grass,marijuana,street_name,marijuana
Ditch Weed,marijuana,street_name,marijuana
Dizz,marijuana,street_name,marijuana
Djamba,marijuana,street_name,marijuana
Dody,marijuana,street_name,marijuana
Dojo,marijuana,street_name,marijuana
Domestic,marijuana,street_name,marijuana
Donna Juana,marijuana,street_name,marijuana
Doobie,marijuana,street_name,marijuana
Downtown Brown,marijuana,street_name,marijuana
Drag Weed,marijuana,street_name,marijuana
Dro,marijuana,street_name,marijuana
Droski,marijuana,street_name,marijuana
Dry High,marijuana,street_name,marijuana
Elefante Pata,marijuana,street_name,marijuana
Endo,marijuana,street_name,marijuana
Escoba,marijuana,street_name,marijuana
Fattie,marijuana,street_name,marijuana
Fine Stuff,marijuana,street_name,marijuana
Fire,marijuana,street_name,marijuana
Flower,marijuana,street_name,marijuana
Flower Tops,marijuana,street_name,marijuana
Fluffy,marijuana,street_name,marijuana
Fuzzy Lady,marijuana,street_name,marijuana
Gallina,marijuana,street_name,marijuana
Gallito,marijuana,street_name,marijuana
Garden,marijuana,street_name,marijuana
Garifa,marijuana,street_name,marijuana
Gauge,marijuana,street_name,marijuana
Gangster,marijuana,street_name,marijuana
Ganja,marijuana,street_name,marijuana
Gash,marijuana,street_name,marijuana
Gato,marijuana,street_name,marijuana
Ghana,marijuana,street_name,marijuana
Gigi,marijuana,street_name,marijuana
Giggle Smoke,marijuana,street_name,marijuana
Giggle Weed,marijuana,street_name,marijuana
Girl Scout Cookies,marijuana,street_name,marijuana
Gloria,marijuana,street_name,marijuana
Gold,marijuana,street_name,marijuana
Gold Leaf,marijuana,street_name,marijuana
Gold Star,marijuana,street_name,marijuana
Gong,marijuana,street_name,marijuana
Good Giggles,marijuana,street_name,marijuana
Gorilla,marijuana,street_name,marijuana
Gorilla Glue,marijuana,street_name,marijuana
Grand Daddy Purp,marijuana,street_name,marijuana
Grass,marijuana,street_name,marijuana
Grasshopper,marijuana,street_name,marijuana
Green,marijuana,street_name,marijuana
Green Crack,marijuana,street_name,marijuana
Green-Eyed Girl,marijuana,street_name,marijuana
Green Eyes,marijuana,street_name,marijuana
Green Goblin,marijuana,street_name,marijuana
Green Goddess,marijuana,street_name,marijuana
Green Mercedes Benz,marijuana,street_name,marijuana
Green Paint,marijuana,street_name,marijuana
Green Skunk,marijuana,street_name,marijuana
Greenhouse,marijuana,street_name,marijuana
Grenuda,marijuana,street_name,marijuana
Greta,marijuana,street_name,marijuana
Guardada,marijuana,street_name,marijuana
Gummy Bears,marijuana,street_name,marijuana
Gunga,marijuana,street_name,marijuana
Hairy Ones,marijuana,street_name,marijuana
Hash,marijuana,street_name,marijuana
Hawaiian,marijuana,street_name,marijuana
Hay,marijuana,street_name,marijuana
Hemp,marijuana,street_name,marijuana
Herb,marijuana,street_name,marijuana
Hierba,marijuana,street_name,marijuana
Holy Grail,marijuana,street_name,marijuana
Homegrown,marijuana,street_name,marijuana
Hooch,marijuana,street_name,marijuana
Hoja,marijuana,street_name,marijuana
Humo,marijuana,street_name,marijuana
Hydro,marijuana,street_name,marijuana
Indian Boy,marijuana,street_name,marijuana
Indian Hay,marijuana,street_name,marijuana
Jamaican Gold,marijuana,street_name,marijuana
Jamaican Red,marijuana,street_name,marijuana
Jane,marijuana,street_name,marijuana
Jive,marijuana,street_name,marijuana
Jolly Green,marijuana,street_name,marijuana
420,marijuana,street_name,marijuana
A-Bomb,marijuana,street_name,marijuana
Acapulco Gold,marijuana,street_name,marijuana
Acapulco Red,marijuana,street_name,marijuana
Ace,marijuana,street_name,marijuana
African Black,marijuana,street_name,marijuana
African Bush,marijuana,street_name,marijuana
Airplane,marijuana,street_name,marijuana
Alfalfa,marijuana,street_name,marijuana
Alfombra,marijuana,street_name,marijuana
Alice B Toklas,marijuana,street_name,marijuana
All-Star,marijuana,street_name,marijuana
Almohada,marijuana,street_name,marijuana
Angola,marijuana,street_name,marijuana
Animal Cookies,marijuana,street_name,marijuana
Arizona,marijuana,street_name,marijuana
Ashes,marijuana,street_name,marijuana
Aunt Mary,marijuana,street_name,marijuana
AZ,marijuana,street_name,marijuana
Baby,marijuana,street_name,marijuana
Bale,marijuana,street_name,marijuana
Bambalachacha,marijuana,street_name,marijuana
Barbara Jean,marijuana,street_name,marijuana
Bareta,marijuana,street_name,marijuana
Bash,marijuana,street_name,marijuana
Bazooka,marijuana,street_name,marijuana
BC Budd,marijuana,street_name,marijuana
Bernie,marijuana,street_name,marijuana
Bhang,marijuana,street_name,marijuana
Big Pillows,marijuana,street_name,marijuana
Biggy,marijuana,street_name,marijuana
Bionic,marijuana,street_name,marijuana
Black Bart,marijuana,street_name,marijuana
Black Gold,marijuana,street_name,marijuana
Black Maria,marijuana,street_name,marijuana
Blondie,marijuana,street_name,marijuana
Blue Cheese,marijuana,street_name,marijuana
Blue Crush,marijuana,street_name,marijuana
Blue Dream,marijuana,street_name,marijuana
Blue Jeans,marijuana,street_name,marijuana
Blue Sage,marijuana,street_name,marijuana
Blueberry,marijuana,street_name,marijuana
Bobo Bush,marijuana,street_name,marijuana
Boo,marijuana,street_name,marijuana
Boom,marijuana,street_name,marijuana
Branches,marijuana,street_name,marijuana
Broccoli,marijuana,street_name,marijuana
Bud,marijuana,street_name,marijuana
Budda,marijuana,street_name,marijuana
Burritos Verdes,marijuana,street_name,marijuana
Bush,marijuana,street_name,marijuana
Cabbage,marijuana,street_name,marijuana
CafÃ©,marijuana,street_name,marijuana
Cajita,marijuana,street_name,marijuana
Cali,marijuana,street_name,marijuana
Camara,marijuana,street_name,marijuana
Canadian Black,marijuana,street_name,marijuana
Catnip,marijuana,street_name,marijuana
Cheeba,marijuana,street_name,marijuana
Chernobyl,marijuana,street_name,marijuana
Cheese,marijuana,street_name,marijuana
Chicago Black,marijuana,street_name,marijuana
Chicago Green,marijuana,street_name,marijuana
Chippie,marijuana,street_name,marijuana
Chistosa,marijuana,street_name,marijuana
Christmas Tree,marijuana,street_name,marijuana
Chronic,marijuana,street_name,marijuana
Churro,marijuana,street_name,marijuana
Cigars,marijuana,street_name,marijuana
Citrol,marijuana,street_name,marijuana
Cola,marijuana,street_name,marijuana
Colorado Cocktail,marijuana,street_name,marijuana
Cookie,marijuana,street_name,marijuana
Cotorritos,marijuana,street_name,marijuana
Crazy Weed,marijuana,street_name,marijuana
Creeper Bud,marijuana,street_name,marijuana
Crippy,marijuana,street_name,marijuana
Crying Weed,marijuana,street_name,marijuana
Culican,marijuana,street_name,marijuana
Dank,marijuana,street_name,marijuana
Devil’s Lettuce,marijuana,street_name,marijuana
Hash Oil,hash,street_name,hash
Hash,hash,street_name,hash
710,hash,street_name,hash
BHNO,hash,street_name,hash
BHO,hash,street_name,hash
Black Glass,hash,street_name,hash
Bubble Hash,hash,street_name,hash
Budder,hash,street_name,hash
Butane Hash Oil,hash,street_name,hash
Butane Honey Oil,hash,street_name,hash
Caviar,hash,street_name,hash
CBD,hash,street_name,hash
CBD oil,hash,street_name,hash
Crystalline,hash,street_name,hash
Crumble,hash,street_name,hash
Dabs,hash,street_name,hash
Dipper,hash,street_name,hash
Ear Wax,hash,street_name,hash
Edibles,hash,street_name,hash
ENail,hash,street_name,hash
Errl,hash,street_name,hash
Extract,hash,street_name,hash
Full Melt,hash,street_name,hash
Glob,hash,street_name,hash
Gorilla Glue,hash,street_name,hash
Heady,hash,street_name,hash
Honey Oil,hash,street_name,hash
IWE,hash,street_name,hash
Ice Water Hash,hash,street_name,hash
Klear,hash,street_name,hash
Live Resin,hash,street_name,hash
Moon Rocks,hash,street_name,hash
Rosin,hash,street_name,hash
Rosin Tech,hash,street_name,hash
SAP,hash,street_name,hash
Sauce,hash,street_name,hash
Shatter,hash,street_name,hash
Solventless,hash,street_name,hash
Terp Sauce,hash,street_name,hash
THCA,hash,street_name,hash
THCA Crystal,hash,street_name,hash
THCA Crystalline,hash,street_name,hash
THCA Powder,hash,street_name,hash
Trichrome,hash,street_name,hash
Wax,hash,street_name,hash
Abyss,synthetic cannabinoids,street_name,synthetic cannabinoids
Ace of Spades,synthetic cannabinoids,street_name,synthetic cannabinoids
AK-47,synthetic cannabinoids,street_name,synthetic cannabinoids
Amnesia,synthetic cannabinoids,street_name,synthetic cannabinoids
Atomic Blast,synthetic cannabinoids,street_name,synthetic cannabinoids
Big Bang,synthetic cannabinoids,street_name,synthetic cannabinoids
Black Magic Smoke,synthetic cannabinoids,street_name,synthetic cannabinoids
Black Mamba,synthetic cannabinoids,street_name,synthetic cannabinoids
420,synthetic cannabinoids,street_name,synthetic cannabinoids
Blaze,synthetic cannabinoids,street_name,synthetic cannabinoids
Bliss,synthetic cannabinoids,street_name,synthetic cannabinoids
Blue Cheese,synthetic cannabinoids,street_name,synthetic cannabinoids
Bombay Blue,synthetic cannabinoids,street_name,synthetic cannabinoids
Brain Freeze,synthetic cannabinoids,street_name,synthetic cannabinoids
Buzz Haze,synthetic cannabinoids,street_name,synthetic cannabinoids
Cherry Bomb,synthetic cannabinoids,street_name,synthetic cannabinoids
Chill,synthetic cannabinoids,street_name,synthetic cannabinoids
Chrome,synthetic cannabinoids,street_name,synthetic cannabinoids
Clockwork Orange,synthetic cannabinoids,street_name,synthetic cannabinoids
Cloud 10,synthetic cannabinoids,street_name,synthetic cannabinoids
Cowboy Kush,synthetic cannabinoids,street_name,synthetic cannabinoids
Crystal Skull,synthetic cannabinoids,street_name,synthetic cannabinoids
Dead Man,synthetic cannabinoids,street_name,synthetic cannabinoids
Devil’s Venom,synthetic cannabinoids,street_name,synthetic cannabinoids
Dr. Feel Good,synthetic cannabinoids,street_name,synthetic cannabinoids
Dragon Eye,synthetic cannabinoids,street_name,synthetic cannabinoids
Earth Blend,synthetic cannabinoids,street_name,synthetic cannabinoids
Exodus,synthetic cannabinoids,street_name,synthetic cannabinoids
Extreme,synthetic cannabinoids,street_name,synthetic cannabinoids
Fake Bake,synthetic cannabinoids,street_name,synthetic cannabinoids
Fire,synthetic cannabinoids,street_name,synthetic cannabinoids
Fruit Candy Flavors,synthetic cannabinoids,street_name,synthetic cannabinoids
Funky Buddha,synthetic cannabinoids,street_name,synthetic cannabinoids
Funky Monkey,synthetic cannabinoids,street_name,synthetic cannabinoids
Garden Salad,synthetic cannabinoids,street_name,synthetic cannabinoids
Genie,synthetic cannabinoids,street_name,synthetic cannabinoids
G-Force,synthetic cannabinoids,street_name,synthetic cannabinoids
GI Joe,synthetic cannabinoids,street_name,synthetic cannabinoids
Green Dream,synthetic cannabinoids,street_name,synthetic cannabinoids
Green Peace,synthetic cannabinoids,street_name,synthetic cannabinoids
Hammer Head,synthetic cannabinoids,street_name,synthetic cannabinoids
Helix,synthetic cannabinoids,street_name,synthetic cannabinoids
Hipster,synthetic cannabinoids,street_name,synthetic cannabinoids
Hysteria,synthetic cannabinoids,street_name,synthetic cannabinoids
Ice Dragon,synthetic cannabinoids,street_name,synthetic cannabinoids
Joker,synthetic cannabinoids,street_name,synthetic cannabinoids
Juicy Leaf,synthetic cannabinoids,street_name,synthetic cannabinoids
Jungle Juice,synthetic cannabinoids,street_name,synthetic cannabinoids
Just Chill,synthetic cannabinoids,street_name,synthetic cannabinoids
K2,synthetic cannabinoids,street_name,synthetic cannabinoids
Kaos,synthetic cannabinoids,street_name,synthetic cannabinoids
Karma,synthetic cannabinoids,street_name,synthetic cannabinoids
Kong,synthetic cannabinoids,street_name,synthetic cannabinoids
Krazy Kandy,synthetic cannabinoids,street_name,synthetic cannabinoids
Kryp2nite,synthetic cannabinoids,street_name,synthetic cannabinoids
Kush,synthetic cannabinoids,street_name,synthetic cannabinoids
Layer Cake,synthetic cannabinoids,street_name,synthetic cannabinoids
Limitless,synthetic cannabinoids,street_name,synthetic cannabinoids
Mad Hatter,synthetic cannabinoids,street_name,synthetic cannabinoids
Mile High,synthetic cannabinoids,street_name,synthetic cannabinoids
Mystique,synthetic cannabinoids,street_name,synthetic cannabinoids
Ninja,synthetic cannabinoids,street_name,synthetic cannabinoids
Odyssey,synthetic cannabinoids,street_name,synthetic cannabinoids
OMG,synthetic cannabinoids,street_name,synthetic cannabinoids
Pandora’s Box,synthetic cannabinoids,street_name,synthetic cannabinoids
Phoenix,synthetic cannabinoids,street_name,synthetic cannabinoids
Pineapple Express,synthetic cannabinoids,street_name,synthetic cannabinoids
Posh,synthetic cannabinoids,street_name,synthetic cannabinoids
Potpourri,synthetic cannabinoids,street_name,synthetic cannabinoids
Pow,synthetic cannabinoids,street_name,synthetic cannabinoids
Rapture,synthetic cannabinoids,street_name,synthetic cannabinoids
Red Magic,synthetic cannabinoids,street_name,synthetic cannabinoids
Rewind,synthetic cannabinoids,street_name,synthetic cannabinoids
Scooby Snax,synthetic cannabinoids,street_name,synthetic cannabinoids
Sexy,synthetic cannabinoids,street_name,synthetic cannabinoids
Sky High,synthetic cannabinoids,street_name,synthetic cannabinoids
Snake Bite,synthetic cannabinoids,street_name,synthetic cannabinoids
Solar Flare,synthetic cannabinoids,street_name,synthetic cannabinoids
Spice,synthetic cannabinoids,street_name,synthetic cannabinoids
Spike Diamond,synthetic cannabinoids,street_name,synthetic cannabinoids
Storm,synthetic cannabinoids,street_name,synthetic cannabinoids
Sweet Leaf,synthetic cannabinoids,street_name,synthetic cannabinoids
Synthetic Marijuana,synthetic cannabinoids,street_name,synthetic cannabinoids
Terraband,synthetic cannabinoids,street_name,synthetic cannabinoids
Time Traveler,synthetic cannabinoids,street_name,synthetic cannabinoids
Top Gear,synthetic cannabinoids,street_name,synthetic cannabinoids
Train Wreck,synthetic cannabinoids,street_name,synthetic cannabinoids
Ultimate,synthetic cannabinoids,street_name,synthetic cannabinoids
Viper,synthetic cannabinoids,street_name,synthetic cannabinoids
Voodoo Child,synthetic cannabinoids,street_name,synthetic cannabinoids
Wazabi,synthetic cannabinoids,street_name,synthetic cannabinoids
Wicked,synthetic cannabinoids,street_name,synthetic cannabinoids
Wizard,synthetic cannabinoids,street_name,synthetic cannabinoids
Xtreme,synthetic cannabinoids,street_name,synthetic cannabinoids
Yucatan,synthetic cannabinoids,street_name,synthetic cannabinoids
Yucatan Fire,synthetic cannabinoids,street_name,synthetic cannabinoids
Zero Gravity,synthetic cannabinoids,street_name,synthetic cannabinoids
Zohai,synthetic cannabinoids,street_name,synthetic cannabinoids
Zombie,synthetic cannabinoids,street_name,synthetic cannabinoids
Bath Blow,synthetic cathinones,street_name,synthetic cathinones
Bath Salts,synthetic cathinones,street_name,synthetic cathinones
Bliss,synthetic cathinones,street_name,synthetic cathinones
Bloom,synthetic cathinones,street_name,synthetic cathinones
Blow,synthetic cathinones,street_name,synthetic cathinones
Blue Silk,synthetic cathinones,street_name,synthetic cathinones
Bubbles,synthetic cathinones,street_name,synthetic cathinones
Cloud 9,synthetic cathinones,street_name,synthetic cathinones
Cosmic Beast,synthetic cathinones,street_name,synthetic cathinones
Drone,synthetic cathinones,street_name,synthetic cathinones
Energy-1,synthetic cathinones,street_name,synthetic cathinones
Explosion,synthetic cathinones,street_name,synthetic cathinones
Flakka,synthetic cathinones,street_name,synthetic cathinones
Gravel,synthetic cathinones,street_name,synthetic cathinones
Insect Repellent,synthetic cathinones,street_name,synthetic cathinones
Ivory Wave,synthetic cathinones,street_name,synthetic cathinones
Jewelry Cleaner,synthetic cathinones,street_name,synthetic cathinones
Lunar Wave,synthetic cathinones,street_name,synthetic cathinones
M-Cat,synthetic cathinones,street_name,synthetic cathinones
Meow-Meow,synthetic cathinones,street_name,synthetic cathinones
Ocean Burst,synthetic cathinones,street_name,synthetic cathinones
Phone Screen Cleaner,synthetic cathinones,street_name,synthetic cathinones
Plant Feeder,synthetic cathinones,street_name,synthetic cathinones
Plant Food,synthetic cathinones,street_name,synthetic cathinones
Pure Ivory,synthetic cathinones,street_name,synthetic cathinones
Purple Wave,synthetic cathinones,street_name,synthetic cathinones
Recharge,synthetic cathinones,street_name,synthetic cathinones
Red Dove,synthetic cathinones,street_name,synthetic cathinones
Salting,synthetic cathinones,street_name,synthetic cathinones
Scarface,synthetic cathinones,street_name,synthetic cathinones
Snow Leopard,synthetic cathinones,street_name,synthetic cathinones
Stardust,synthetic cathinones,street_name,synthetic cathinones
Vanilla Sky,synthetic cathinones,street_name,synthetic cathinones
White Dove,synthetic cathinones,street_name,synthetic cathinones
White Knight,synthetic cathinones,street_name,synthetic cathinones
White Lightening,synthetic cathinones,street_name,synthetic cathinones
White Magic,synthetic cathinones,street_name,synthetic cathinones
Wicked X,synthetic cathinones,street_name,synthetic cathinones
Zoom,synthetic cathinones,street_name,synthetic cathinones
Captain Cody,codeine,street_name,codeine
Cody,codeine,street_name,codeine
Schoolboy,codeine,street_name,codeine
Doors & Fours,codeine,street_name,codeine
Pancakes & Syrup,codeine,street_name,codeine
Loads,codeine,street_name,codeine
Demmies,Meperedine,street_name,Meperedine
Pain Killer,Meperedine,street_name,Meperedine
Abstral,fentanyl,brand_name,fentanyl
Actiq,fentanyl,brand_name,fentanyl
Avinza,morphine,brand_name,morphine sulfate extended-release capsules
Butrans,buprenorphine,brand_name,buprenorphine transdermal system
Demerol,meperidine,brand_name,meperidine;isonipecaine;pethidine
Dilaudid,hydromorphone,brand_name,hydromorphone;dihydromorphinone
Dolophine,methadone,brand_name,methadone hydrochloride tablets
Duragesic,fentanyl,brand_name,fentanyl transdermal system
Fentora,fentanyl,brand_name,fentanyl
Hysingla,hydrocodone,brand_name,hydrocodone
Methadose,methadone,brand_name,methadone
Morphabond,morphine,brand_name,morphine
Nucynta ER,tapentadol,brand_name,tapentadol extended-release oral tablets
Onsolis,fentanyl,brand_name,fentanyl
Oramorph,morphine,brand_name,morphine
Oxaydo,oxycodone,brand_name,oxycodone
Roxanol-T,morphine,brand_name,morphine
Sublimaze,fentanyl,brand_name,fentanyl
Xtampza ER,oxycodone,brand_name,oxycodone
Zohydro ER,hydrocodone,brand_name,hydrocodone
Anexsia,hydrocodone,brand_name,hydrocodone containing acetaminophen
Co-Gesic,hydrocodone,brand_name,hydrocodone containing acetaminophen
Embeda,morphine,brand_name,morphine sulfate and naltrexone extended-release capsules
Exalgo,hydromorphone,brand_name,hydromorphone hydrochloride extended-release tablets
Hycet,hydrocodone,brand_name,hydrocodone containing acetaminophen
Hycodan,hydrocodone,brand_name,hydrocodone containing homatropine
Hydromet,hydrocodone,brand_name,hydrocodone containing homatropine
Ibudone,hydrocodone,brand_name,hydrocodone containing ibuprofen
Kadian,morphine,brand_name,morphine sulfate extended-release tablets
Liquicet,hydrocodone,brand_name,hydrocodone containing acetaminophen
Lorcet,hydrocodone,brand_name,hydrocodone containing acetaminophen
Lorcet Plus,hydrocodone,brand_name,hydrocodone containing acetaminophen
Lortab,hydrocodone,brand_name,hydrocodone containing acetaminophen
Maxidone,hydrocodone,brand_name,hydrocodone containing acetaminophen
MS Contin,morphine,brand_name,morphine sulfate controlled-release tablets
Norco,hydrocodone,brand_name,hydrocodone containing acetaminophen
Opana ER,oxymorphone,brand_name,oxymorphone hydrochloride extended-release tablets
OxyContin,oxycodone,brand_name,oxycodone hydrochloride controlled-release tablets
Oxycet,oxycodone,brand_name,oxycodone containing acetaminophen
Palladone,hydromorphone,brand_name,hydromorphone hydrochloride extended-release capsules
Percocet,oxycodone,brand_name,oxycodone containing acetaminophen
Percodan,oxycodone,brand_name,oxycodone containing aspirin
Reprexain,hydrocodone,brand_name,hydrocodone containing ibuprofen
Rezira,hydrocodone,brand_name,hydrocodone containing pseudoephedrine
Roxicet,oxycodone,brand_name,oxycodone containing acetaminophen
Targiniq ER,oxycodone,brand_name,oxycodone containing naloxone
TussiCaps,hydrocodone,brand_name,hydrocodone containing chlorpheniramine
Tussionex,hydrocodone,brand_name,hydrocodone containing chlorpheniramine
Tuzistra XR,codeine,brand_name,codeine containing chlorpheniramine
Tylenol #3 and #4,codeine,brand_name,codeine containing acetaminophen
Vicodin,hydrocodone,brand_name,hydrocodone containing acetaminophen
Vicodin ES,hydrocodone,brand_name,hydrocodone containing acetaminophen
Vicodin HP,hydrocodone,brand_name,hydrocodone containing acetaminophen
Vicoprofen,hydrocodone,brand_name,hydrocodone containing ibuprofen
Vituz,hydrocodone,brand_name,hydrocodone containing chlorpheniramine
Xartemis XR,oxycodone,brand_name,oxycodone containing acetaminophen
Xodol,hydrocodone,brand_name,hydrocodone containing acetaminophen
Zolvit,hydrocodone,brand_name,hydrocodone containing acetaminophen
Zutripro,hydrocodone,brand_name,hydrocodone containing chlorpheniramine and pseudoephedrine
Zydone,hydrocodone,brand_name,hydrocodone containing acetaminophen
Fentanyl,fentanyl,brand_name,fentanyl extended-release transdermal system
Methadone hydrochloride,methadone,brand_name,methadone hydrochloride tablets;methadone hydrochloride oral solution
Morphine sulfate,morphine,brand_name,morphine sulfate extended-release capsules;morphine sulfate extended-release tablets
Oxymorphone hydrochloride,oxymorphone,brand_name,oxymorphone hydrochloride extended-release tablets
